x_variable,y_variable,R,p_value,n_obs,spearman_r,spearman_p
aire_parc,nb_trajets,0.0087,0.8338249888485949,581,0.2212,7.122682299892821e-08
nombre_uni,nb_trajets,0.1542,0.00019148719909672932,581,0.1408,0.0006658837522099828
walkscore_,nb_trajets,0.3859,4.593186156387256e-22,581,0.7239,2.0908858793016932e-95
transitsco,nb_trajets,0.4402,3.9470216115707175e-28,564,0.5564,3.6534359097271176e-47
bikescore_,nb_trajets,0.4331,5.724159187324738e-28,581,0.5986,8.935354413782075e-58
longueur_m,nb_trajets,0.2697,3.869780563160745e-11,581,0.3711,2.0911267039760714e-20
densite_es,nb_trajets,0.4115,3.766403549339487e-25,581,0.5761,1.1216808617605453e-52
distance_c,nb_trajets,-0.5525,9.458399814886635e-48,581,-0.7909,1.3642903396267245e-125
densite_lo,nb_trajets,0.4819,4.1456764107622e-35,581,0.6529,6.939406659429622e-72
